{"x": [1.0, 2.0], "y": [2.412625438618138, 0.679260779765575], "uncertainty": [0.01451453705244969, 0.0]}