{"x": [1847985.6839540186], "uncertainty": [153550.66782329167]}