{"x": [1.780223204577946e-05], "uncertainty": [1.7053935949942446e-07]}