{"x": [9.050819353507031e-20], "uncertainty": [6.991180350494913e-23]}